,precision,recall,f1-score,support
negative,0.897503285151117,0.8073286052009456,0.8500311138767891,846.0
neutral,0.4847161572052402,0.7161290322580646,0.578125,155.0
positive,0.7112970711297071,0.7456140350877193,0.728051391862955,228.0
accuracy,0.7843775427176566,0.7843775427176566,0.7843775427176566,0.7843775427176566
macro avg,0.6978388378286882,0.756357224182243,0.7187358352465814,1229.0
weighted avg,0.8108987110026286,0.7843775427176566,0.7931093691493224,1229.0
